t,memfree_kB,memavail_kB,slab_kB,sunreclaim_kB,sreclaim_kB,cached_kB,n2h_pool,pbuf_def_free,pbuf_def_total,payload_fails,loadavg
1766557573,13104,65112,59276,51016,8260,53612,4096,6692,14884,99,1.07
1766557574,13168,65128,59276,51016,8260,53612,4096,6692,14884,99,1.15
1766557575,12856,64912,59276,51016,8260,53612,4096,6692,14884,99,1.15
1766557576,12912,64880,59276,51016,8260,53612,4096,6692,14884,99,1.15
1766557577,12972,65004,59276,51016,8260,53612,4096,6692,14884,99,1.15
1766557578,12992,65000,59276,51016,8260,53612,4096,6692,14884,99,1.05
1766557579,13068,65076,59276,51016,8260,53612,4096,6692,14884,99,1.05
1766557580,12888,64896,59276,51016,8260,53612,4096,6692,14884,99,1.05
1766557581,12932,64940,59276,51016,8260,53612,4096,6692,14884,99,1.05
1766557582,12992,65000,59276,51016,8260,53612,4096,6692,14884,99,1.05
1766557583,13052,65060,59276,51016,8260,53612,4096,6692,14884,99,1.05
1766557585,13152,65160,59276,51016,8260,53612,4096,6692,14884,99,1.05
1766557586,12928,64896,59276,51016,8260,53612,4096,6692,14884,99,1.05
1766557587,12912,64920,59276,51016,8260,53612,4096,6692,14884,99,1.05
1766557588,12912,64920,59276,51016,8260,53612,4096,6692,14884,99,1.05
1766557589,12972,64980,59276,51016,8260,53612,4096,6692,14884,99,0.97
1766557590,12992,65048,59276,51016,8260,53612,4096,6692,14884,99,0.97
1766557591,12932,64940,59276,51016,8260,53612,4096,6692,14884,99,0.97
1766557592,12972,64932,59276,51016,8260,53612,4096,6692,14884,99,0.97
1766557593,12972,64940,59276,51016,8260,53612,4096,6692,14884,99,0.97
1766557594,12964,64972,59276,51016,8260,53612,4096,6692,14884,99,0.97
1766557595,12924,65016,59276,51016,8260,53612,4096,6692,14884,99,0.97
1766557596,12864,64872,59280,51020,8260,53612,4096,6692,14884,99,0.97
1766557597,12984,64992,59280,51020,8260,53612,4096,6692,14884,99,0.97
1766557598,13092,65100,59280,51020,8260,53612,4096,6692,14884,99,0.89
1766557600,13156,65160,59280,51020,8260,53612,4096,6692,14884,99,0.89
1766557601,12776,64784,59280,51020,8260,53612,4096,6692,14884,99,0.89
1766557602,12888,64932,59280,51020,8260,53612,4096,6692,14884,99,0.89
1766557603,12972,64980,59280,51020,8260,53612,4096,6692,14884,99,0.89
1766557604,13032,64992,59280,51020,8260,53612,4096,6692,14884,99,0.98
1766557605,13076,65160,59280,51020,8260,53612,4096,6692,14884,99,0.98
1766557606,12676,64720,59280,51020,8260,53612,4096,6692,14884,99,0.98
1766557607,12932,64940,59280,51020,8260,53612,4096,6692,14884,99,0.98
1766557608,13032,64992,59280,51020,8260,53612,4096,6692,14884,99,0.90
1766557609,13032,64992,59280,51020,8260,53612,4096,6692,14884,99,0.90
1766557610,12964,64932,59276,51016,8260,53612,4096,6692,14884,99,0.90
1766557611,12988,64956,59276,51016,8260,53612,4096,6692,14884,99,0.90
1766557612,12912,64920,59276,51016,8260,53612,4096,6692,14884,99,0.90
1766557614,12972,64932,59276,51016,8260,53612,4096,6692,14884,99,0.91
1766557615,12972,64980,59276,51016,8260,53612,4096,6692,14884,99,0.91
1766557616,13108,65068,59276,51016,8260,53612,4096,6692,14884,99,0.91
1766557617,12888,64888,59276,51016,8260,53612,4096,6692,14884,99,0.91
1766557618,12932,64940,59276,51016,8260,53612,4096,6692,14884,99,0.91
1766557619,13008,65056,59276,51016,8260,53612,4096,6692,14884,99,0.84
1766557620,13032,64992,59276,51016,8260,53612,4096,6692,14884,99,0.84
1766557621,12872,64964,59276,51016,8260,53612,4096,6692,14884,99,0.84
1766557622,12896,64856,59284,51024,8260,53612,4096,6692,14884,99,0.84
1766557623,12940,64948,59284,51024,8260,53612,4096,6692,14884,99,1.01
1766557624,13016,64984,59280,51020,8260,53612,4096,6692,14884,99,1.01
1766557625,13068,65068,59280,51020,8260,53612,4096,6692,14884,99,1.01
1766557626,13136,65144,59280,51020,8260,53612,4096,6692,14884,99,1.01
1766557627,12948,64948,59280,51020,8260,53612,4096,6692,14884,99,1.01
1766557628,12916,64972,59280,51020,8260,53612,4096,6692,14884,99,1.01
1766557630,12976,65052,59280,51020,8260,53612,4096,6692,14884,99,1.01
1766557631,13136,65144,59280,51020,8260,53612,4096,6692,14884,99,1.01
1766557632,12992,65048,59280,51020,8260,53612,4096,6692,14884,99,1.01
1766557633,12964,64964,59280,51020,8260,53612,4096,6692,14884,99,1.01
1766557634,13008,65056,59280,51020,8260,53612,4096,6692,14884,99,1.01
1766557635,13032,64992,59280,51020,8260,53612,4096,6692,14884,99,1.01
1766557636,13052,65060,59280,51020,8260,53612,4096,6692,14884,99,1.01
1766557637,13128,65128,59280,51020,8260,53612,4096,6692,14884,99,1.01
1766557638,12868,64876,59280,51020,8260,53612,4096,6692,14884,99,1.01
1766557639,13032,65040,59280,51020,8260,53612,4096,6692,14884,99,0.93
1766557640,13040,65084,59280,51020,8260,53612,4096,6692,14884,99,0.93
1766557641,13084,65096,59280,51020,8260,53616,4096,6692,14884,99,0.93
1766557642,13052,65064,59280,51020,8260,53616,4096,6692,14884,99,0.93
1766557643,12872,64932,59280,51020,8260,53616,4096,6692,14884,99,0.93
1766557645,12932,64944,59280,51020,8260,53616,4096,6692,14884,99,0.93
1766557646,12972,65000,59280,51020,8260,53616,4096,6692,14884,99,0.93
1766557647,13032,65096,59280,51020,8260,53616,4096,6692,14884,99,0.93
1766557648,12696,64836,59280,51020,8260,53616,4096,6692,14884,99,0.93
1766557649,12904,64876,59280,51020,8260,53616,4096,6692,14884,99,0.86
1766557650,12940,64952,59280,51020,8260,53616,4096,6692,14884,99,0.86
1766557651,12972,64984,59280,51020,8260,53616,4096,6692,14884,99,0.86
1766557652,12808,64800,59280,51020,8260,53616,4096,6692,14884,99,0.86
1766557653,12776,64788,59280,51020,8260,53616,4096,6692,14884,99,0.86
1766557654,12912,64924,59280,51020,8260,53616,4096,6692,14884,99,1.03
1766557655,12896,64908,59280,51020,8260,53616,4096,6692,14884,99,1.03
1766557656,12912,64900,59280,51020,8260,53616,4096,6692,14884,99,1.03
1766557657,12972,64984,59280,51020,8260,53616,4096,6692,14884,99,1.03
1766557658,12988,65000,59280,51020,8260,53616,4096,6692,14884,99,0.95
1766557660,12996,64908,59280,51020,8260,53616,4096,6692,14884,99,0.95
1766557661,12992,65004,59280,51020,8260,53616,4096,6692,14884,99,0.95
1766557662,13092,65104,59280,51020,8260,53616,4096,6692,14884,99,0.95
1766557663,12992,65040,59280,51020,8260,53616,4096,6692,14884,99,0.95
1766557664,12860,64916,59280,51020,8260,53616,4096,6692,14884,99,0.95
1766557665,12972,64948,59280,51020,8260,53616,4096,6692,14884,99,0.95
1766557666,13048,65060,59280,51020,8260,53616,4096,6692,14884,99,0.95
1766557667,13068,65080,59280,51020,8260,53616,4096,6692,14884,99,0.95
1766557668,13052,65064,59280,51020,8260,53616,4096,6692,14884,99,0.95
1766557669,12876,64924,59280,51020,8260,53616,4096,6692,14884,99,1.04
1766557670,12936,64992,59280,51020,8260,53616,4096,6692,14884,99,1.04
1766557671,13048,65060,59280,51020,8260,53616,4096,6692,14884,99,1.04
1766557672,13032,64996,59280,51020,8260,53616,4096,6692,14884,99,1.04
1766557673,13024,64988,59280,51020,8260,53616,4096,6692,14884,99,1.03
1766557675,12804,64816,59280,51020,8260,53616,4096,6692,14884,99,1.03
1766557676,12880,64848,59280,51020,8260,53620,4096,6692,14884,99,1.03
1766557677,12932,64944,59268,51016,8252,53620,4096,6692,14884,99,1.03
1766557678,13040,65004,59268,51016,8252,53620,4096,6692,14884,99,1.03
1766557679,13100,65112,59268,51016,8252,53620,4096,6692,14884,99,0.95
1766557680,12896,64908,59268,51016,8252,53620,4096,6692,14884,99,0.95
1766557681,12948,64968,59268,51016,8252,53620,4096,6692,14884,99,0.95
1766557682,12592,64600,59260,51016,8244,53620,4096,6692,14884,99,0.95
1766557683,12488,64496,59260,51016,8244,53620,4096,6691,14884,99,0.95
1766557684,12524,64492,59324,51080,8244,53620,4096,6692,14884,99,1.03
1766557685,12296,64304,59324,51080,8244,53620,4096,6691,14884,99,1.03
1766557687,12412,64372,59324,51080,8244,53620,4096,6691,14884,99,1.03
1766557688,12488,64448,59300,51056,8244,53620,4096,6691,14884,99,1.03
1766557689,12548,64556,59300,51056,8244,53620,4096,6691,14884,99,1.11
1766557690,12220,64232,59300,51056,8244,53620,4096,6692,14884,99,1.11
1766557691,12332,64340,59304,51060,8244,53620,4096,6692,14884,99,1.11
1766557692,12452,64412,59312,51068,8244,53620,4096,6691,14884,99,1.11
1766557694,12436,64444,59312,51068,8244,53620,4096,6691,14884,99,1.10
1766557695,12456,64464,59312,51068,8244,53620,4096,6691,14884,99,1.10
1766557696,12316,64360,59296,51052,8244,53620,4096,6692,14884,99,1.10
1766557697,12408,64368,59296,51052,8244,53620,4096,6691,14884,99,1.10
1766557698,12412,64420,59296,51052,8244,53620,4096,6691,14884,99,1.10
1766557699,12512,64420,59296,51052,8244,53620,4096,6692,14884,99,1.09
1766557700,12524,64532,59304,51060,8244,53620,4096,6691,14884,99,1.09
1766557701,12352,64256,59360,51116,8244,53620,4096,6691,14884,99,1.09
1766557702,12308,64316,59400,51156,8244,53620,4096,6691,14884,99,1.09
1766557703,12368,64308,59400,51156,8244,53620,4096,6691,14884,99,1.25
1766557705,12452,64452,59392,51148,8244,53620,4096,6692,14884,99,1.25
1766557706,12436,64452,59392,51148,8244,53620,4096,6691,14884,99,1.25
1766557707,12400,64432,59392,51148,8244,53620,4096,6692,14884,99,1.25
1766557708,12472,64440,59392,51148,8244,53620,4096,6692,14884,99,1.25
1766557709,12484,64492,59392,51148,8244,53620,4096,6692,14884,99,1.15
1766557710,12504,64500,59392,51148,8244,53620,4096,6692,14884,99,1.15
1766557711,12584,64592,59392,51148,8244,53620,4096,6692,14884,99,1.15
1766557712,12692,64856,59392,51148,8244,53620,4096,6692,14884,99,1.15
1766557713,12820,64900,59392,51148,8244,53620,4096,6692,14884,99,1.15
1766557714,12904,64912,59392,51148,8244,53620,4096,6692,14884,99,1.13
1766557715,12920,64836,59392,51148,8244,53620,4096,6692,14884,99,1.13
1766557716,12860,64820,59392,51148,8244,53620,4096,6692,14884,99,1.13
1766557717,12776,64784,59396,51152,8244,53620,4096,6692,14884,99,1.13
1766557718,12800,64808,59396,51152,8244,53620,4096,6692,14884,99,1.04
1766557720,12860,64868,59396,51152,8244,53620,4096,6692,14884,99,1.04
1766557721,12896,64944,59396,51152,8244,53620,4096,6692,14884,99,1.04
1766557722,12940,64948,59396,51152,8244,53620,4096,6692,14884,99,1.04
1766557723,12800,64760,59396,51152,8244,53620,4096,6692,14884,99,1.04
1766557724,11684,63524,59396,51152,8244,53620,4096,6691,14884,99,0.96
1766557725,11444,63452,59396,51152,8244,53620,4096,6691,14884,99,0.96
1766557726,11568,63576,59404,51160,8244,53620,4096,6691,14884,99,0.96
1766557727,11412,63420,59396,51152,8244,53620,4096,6691,14884,99,0.96
1766557728,11432,63400,59396,51152,8244,53620,4096,6691,14884,99,0.96
1766557729,11516,63476,59396,51152,8244,53620,4096,6691,14884,99,0.96
1766557731,11568,63500,59404,51160,8244,53620,4096,6691,14884,99,0.96
1766557732,11568,63536,59404,51160,8244,53620,4096,6691,14884,99,0.96
1766557733,11188,63236,59396,51152,8244,53620,4096,6691,14884,99,0.96
1766557734,11516,63524,59396,51152,8244,53620,4096,6692,14884,99,1.05
1766557735,11604,63612,59404,51160,8244,53620,4096,6691,14884,99,1.05
1766557736,11696,63704,59396,51152,8244,53620,4096,6691,14884,99,1.05
1766557737,11636,63644,59396,51152,8244,53620,4096,6691,14884,99,1.05
1766557738,11596,63596,59396,51156,8244,53620,4096,6691,14884,99,1.05
1766557739,11656,63664,59400,51156,8244,53620,4096,6691,14884,99,1.12
1766557741,11696,63728,59400,51156,8244,53620,4096,6692,14884,99,1.12
1766557742,11484,63492,59424,51180,8244,53620,4096,6691,14884,99,1.12
1766557743,11492,63528,59420,51176,8244,53620,4096,6691,14884,99,1.12
1766557744,11468,63520,59424,51180,8244,53620,4096,6691,14884,99,1.35
1766557745,11648,63608,59464,51220,8244,53620,4096,6691,14884,99,1.35
1766557746,11632,63592,59464,51220,8244,53620,4096,6691,14884,99,1.35
1766557747,11572,63656,59464,51220,8244,53620,4096,6691,14884,99,1.35
1766557748,11592,63600,59464,51220,8244,53620,4096,6692,14884,99,1.35
1766557749,11408,63460,59456,51212,8244,53620,4096,6691,14884,99,1.33
1766557750,11520,63488,59456,51212,8244,53620,4096,6691,14884,99,1.33
1766557752,11432,63440,59520,51276,8244,53620,4096,6691,14884,99,1.33
1766557753,11532,63492,59520,51276,8244,53620,4096,6692,14884,99,1.33
1766557754,11464,63496,59528,51284,8244,53620,4096,6691,14884,99,1.46
1766557755,11404,63412,59528,51284,8244,53620,4096,6692,14884,99,1.46
1766557756,11412,63380,59520,51276,8244,53620,4096,6691,14884,99,1.46
1766557757,11456,63464,59528,51284,8244,53620,4096,6691,14884,99,1.46
1766557758,11416,63424,59536,51292,8244,53620,4096,6691,14884,99,1.46
1766557759,10988,62940,59536,51292,8244,53620,4096,6691,14884,99,1.50
1766557760,11380,63388,59532,51284,8248,53620,4096,6691,14884,99,1.50
1766557761,11396,63404,59532,51284,8248,53620,4096,6691,14884,99,1.50
1766557763,11396,63404,59532,51284,8248,53620,4096,6691,14884,99,1.50
1766557764,11464,63472,59532,51284,8248,53620,4096,6691,14884,99,1.38
1766557765,11268,63316,59524,51276,8248,53620,4096,6684,14884,99,1.38
1766557766,11372,63380,59524,51276,8248,53620,4096,6691,14884,99,1.38
1766557767,11412,63372,59524,51276,8248,53620,4096,6691,14884,99,1.38
1766557768,11532,63440,59524,51276,8248,53620,4096,6691,14884,99,1.38
1766557769,11608,63576,59532,51284,8248,53620,4096,6692,14884,99,1.35
1766557770,11352,63360,59524,51276,8248,53620,4096,6691,14884,99,1.35
1766557771,11472,63432,59524,51276,8248,53620,4096,6691,14884,99,1.35
1766557772,11532,63576,59524,51276,8248,53620,4096,6691,14884,99,1.35
1766557774,11592,63600,59524,51276,8248,53620,4096,6691,14884,99,1.24
1766557775,11484,63492,59532,51284,8248,53620,4096,6692,14884,99,1.24
1766557776,11304,63404,59532,51284,8248,53620,4096,6691,14884,99,1.24
1766557777,11328,63408,59532,51284,8248,53620,4096,6692,14884,99,1.24
1766557778,11396,63404,59524,51276,8248,53620,4096,6691,14884,99,1.24
1766557779,11412,63420,59524,51276,8248,53620,4096,6691,14884,99,1.22
1766557780,11452,63416,59524,51276,8248,53620,4096,6691,14884,99,1.22
1766557781,11336,63420,59532,51284,8248,53620,4096,6692,14884,99,1.22
1766557782,11464,63472,59532,51284,8248,53620,4096,6691,14884,99,1.22
1766557784,11480,63440,59532,51284,8248,53620,4096,6691,14884,99,1.21
1766557785,11404,63412,59532,51284,8248,53620,4096,6691,14884,99,1.21
1766557786,11404,63412,59532,51284,8248,53620,4096,6691,14884,99,1.21
1766557787,11396,63356,59536,51288,8248,53620,4096,6691,14884,99,1.21
1766557788,11472,63380,59544,51296,8248,53620,4096,6691,14884,99,1.21
1766557789,11424,63480,59536,51288,8248,53620,4096,6691,14884,99,1.19
1766557790,11436,63448,59536,51288,8248,53620,4096,6691,14884,99,1.19
1766557791,11216,63260,59528,51280,8248,53620,4096,6692,14884,99,1.19
1766557792,11360,63368,59520,51272,8248,53620,4096,6691,14884,99,1.19
1766557794,11372,63380,59528,51280,8248,53620,4096,6691,14884,99,1.17
1766557795,11440,63476,59520,51272,8248,53620,4096,6691,14884,99,1.17
1766557796,11532,63540,59528,51280,8248,53620,4096,6691,14884,99,1.17
1766557797,11464,63404,59520,51272,8248,53620,4096,6691,14884,99,1.17
1766557798,11432,63440,59528,51280,8248,53620,4096,6691,14884,99,1.17
1766557799,11540,63500,59520,51272,8248,53620,4096,6691,14884,99,1.24
1766557800,11440,63488,59528,51280,8248,53620,4096,6691,14884,99,1.24
1766557801,11336,63344,59520,51272,8248,53620,4096,6691,14884,99,1.24
1766557802,11320,63320,59528,51280,8248,53620,4096,6691,14884,99,1.24
1766557803,11404,63436,59528,51280,8248,53620,4096,6691,14884,99,1.24
1766557805,11500,63468,59528,51280,8248,53620,4096,6691,14884,99,1.22
1766557806,11516,63476,59536,51288,8248,53620,4096,6691,14884,99,1.22
1766557807,11404,63372,59528,51280,8248,53620,4096,6691,14884,99,1.22
1766557808,11404,63412,59536,51288,8248,53620,4096,6691,14884,99,1.22
1766557809,11396,63404,59544,51296,8248,53620,4096,6691,14884,99,1.20
1766557810,11396,63356,59544,51296,8248,53620,4096,6691,14884,99,1.20
1766557811,11448,63456,59552,51304,8248,53620,4096,6691,14884,99,1.20
1766557812,11404,63412,59552,51304,8248,53620,4096,6691,14884,99,1.20
1766557813,11388,63404,59544,51296,8248,53620,4096,6691,14884,99,1.20
1766557814,11412,63420,59544,51296,8248,53620,4096,6691,14884,99,1.35
1766557816,11472,63516,59544,51296,8248,53620,4096,6691,14884,99,1.35
1766557817,11456,63416,59544,51296,8248,53620,4096,6691,14884,99,1.35
1766557818,11460,63508,59544,51296,8248,53620,4096,6691,14884,99,1.35
1766557819,11420,63388,59552,51304,8248,53620,4096,6691,14884,99,1.40
1766557820,11388,63356,59552,51304,8248,53620,4096,6691,14884,99,1.40
1766557821,11456,63472,59552,51304,8248,53620,4096,6691,14884,99,1.40
1766557822,11600,63576,59544,51296,8248,53620,4096,6691,14884,99,1.40
1766557823,11064,63264,59552,51304,8248,53620,4096,6691,14884,99,1.40
1766557824,11304,63352,59544,51296,8248,53620,4096,6691,14884,99,1.37
1766557826,11412,63420,59544,51296,8248,53620,4096,6691,14884,99,1.37
1766557827,11364,63448,59552,51304,8248,53620,4096,6691,14884,99,1.37
1766557828,11432,63372,59544,51296,8248,53620,4096,6691,14884,99,1.37
1766557829,10932,62940,59544,51296,8248,53620,4096,6691,14884,99,1.34
1766557830,11380,63340,59544,51296,8248,53620,4096,6691,14884,99,1.34
1766557831,11412,63380,59552,51304,8248,53620,4096,6691,14884,99,1.34
1766557832,11404,63364,59544,51296,8248,53620,4096,6691,14884,99,1.34
1766557833,11424,63432,59544,51296,8248,53620,4096,6691,14884,99,1.34
1766557834,11328,63352,59544,51296,8248,53620,4096,6691,14884,99,1.31
1766557835,11404,63364,59544,51296,8248,53620,4096,6691,14884,99,1.31
1766557837,11404,63412,59544,51296,8248,53620,4096,6691,14884,99,1.31
1766557838,11344,63304,59544,51296,8248,53620,4096,6691,14884,99,1.31
1766557839,11404,63488,59544,51296,8248,53620,4096,6691,14884,99,1.45
1766557840,11328,63244,59544,51296,8248,53620,4096,6692,14884,99,1.45
1766557841,11380,63388,59544,51296,8248,53620,4096,6691,14884,99,1.45
1766557842,11396,63480,59552,51304,8248,53620,4096,6691,14884,99,1.45
1766557843,11560,63500,59552,51304,8248,53620,4096,6691,14884,99,1.45
1766557844,11620,63576,59552,51304,8248,53620,4096,6691,14884,99,1.33
1766557845,11336,63304,59552,51304,8248,53620,4096,6691,14884,99,1.33
1766557846,11304,63384,59552,51304,8248,53620,4096,6691,14884,99,1.33
1766557848,11396,63404,59552,51304,8248,53620,4096,6691,14884,99,1.33
1766557849,11380,63428,59552,51304,8248,53620,4096,6691,14884,99,1.38
1766557850,11440,63448,59552,51304,8248,53620,4096,6691,14884,99,1.38
1766557851,11464,63424,59556,51308,8248,53620,4096,6692,14884,99,1.38
1766557852,11464,63424,59556,51308,8248,53620,4096,6692,14884,99,1.38
1766557853,11416,63464,59556,51308,8248,53620,4096,6691,14884,99,1.38
1766557854,11520,63568,59596,51348,8248,53620,4096,6691,14884,99,1.35
1766557855,11172,63188,59568,51320,8248,53620,4096,6691,14884,99,1.35
1766557856,11260,63344,59560,51312,8248,53620,4096,6691,14884,99,1.35
1766557858,11412,63372,59552,51304,8248,53620,4096,6691,14884,99,1.35
1766557859,11472,63440,59552,51304,8248,53620,4096,6691,14884,99,1.40
1766557860,11432,63440,59552,51304,8248,53620,4096,6691,14884,99,1.40
1766557861,11028,62996,59544,51296,8248,53620,4096,6691,14884,99,1.40
1766557862,11372,63380,59552,51304,8248,53620,4096,6691,14884,99,1.40
1766557863,11456,63448,59552,51304,8248,53620,4096,6691,14884,99,1.40
1766557864,11396,63364,59552,51304,8248,53620,4096,6691,14884,99,1.37
1766557865,11464,63432,59544,51296,8248,53620,4096,6691,14884,99,1.37
1766557866,11360,63404,59544,51296,8248,53620,4096,6691,14884,99,1.37
1766557867,11396,63404,59552,51304,8248,53620,4096,6691,14884,99,1.37
1766557869,11396,63404,59552,51304,8248,53620,4096,6691,14884,99,1.37
1766557870,11492,63492,59552,51304,8248,53620,4096,6691,14884,99,1.50
1766557871,11476,63532,59552,51304,8248,53620,4096,6691,14884,99,1.50
1766557872,11396,63404,59552,51304,8248,53620,4096,6691,14884,99,1.50
1766557873,11412,63420,59552,51304,8248,53620,4096,6691,14884,99,1.50
1766557874,11448,63496,59552,51304,8248,53620,4096,6691,14884,99,1.46
1766557875,11472,63480,59552,51304,8248,53620,4096,6691,14884,99,1.46
1766557876,11560,63560,59560,51312,8248,53620,4096,6691,14884,99,1.46
1766557877,11388,63436,59552,51304,8248,53620,4096,6691,14884,99,1.46
1766557878,11388,63396,59552,51304,8248,53620,4096,6692,14884,99,1.46
1766557880,11304,63360,59560,51312,8248,53620,4096,6691,14884,99,1.42
1766557881,11380,63348,59560,51312,8248,53620,4096,6691,14884,99,1.42
1766557882,11404,63412,59560,51312,8248,53620,4096,6691,14884,99,1.42
1766557883,11380,63388,59560,51312,8248,53620,4096,6691,14884,99,1.42
1766557884,11344,63352,59560,51312,8248,53620,4096,6691,14884,99,1.47
1766557885,11440,63440,59560,51312,8248,53620,4096,6691,14884,99,1.47
1766557886,11560,63600,59560,51312,8248,53620,4096,6692,14884,99,1.47
1766557887,11536,63544,59568,51320,8248,53620,4096,6691,14884,99,1.47
1766557888,11472,63404,59552,51304,8248,53620,4096,6691,14884,99,1.47
1766557889,11352,63396,59552,51304,8248,53620,4096,6691,14884,99,1.51
1766557891,11396,63356,59552,51304,8248,53620,4096,6691,14884,99,1.51
1766557892,11464,63472,59552,51304,8248,53620,4096,6691,14884,99,1.51
1766557893,11340,63172,59560,51312,8248,53620,4096,6691,14884,99,1.51
1766557894,11328,63372,59560,51312,8248,53620,4096,6691,14884,99,1.39
1766557895,11404,63412,59560,51312,8248,53620,4096,6691,14884,99,1.39
1766557896,11464,63388,59560,51312,8248,53620,4096,6691,14884,99,1.39
1766557897,11532,63540,59552,51304,8248,53620,4096,6691,14884,99,1.39
1766557898,11104,63056,59552,51304,8248,53620,4096,6691,14884,99,1.39
1766557899,11352,63312,59552,51304,8248,53620,4096,6691,14884,99,1.36
